﻿<?xml version="1.0" encoding="utf-8"?>
<Processes>
  <Process Run="True" Delay="1500" Path="..\DataServer1\DataServer.exe" Parameters="55960 1" />
  <Process Run="True" Delay="1500" Path="..\DataServer2\DataServer.exe" Parameters="55962 2" />
  <Process Run="True" Delay="1100" Path="..\ExDB\ExDB.exe" Parameters="127.0.0.1" />
  <Process Run="True" Delay="1200" Path="..\ChatServer\ChatServer.exe" Parameters="127.0.0.1" />
  <Process Run="True" Delay="2500" Path="..\EventServer\EventServer.exe" Parameters="" />
  <Process Run="True" Delay="2200" Path="..\RankingServer\RankingServer.exe" Parameters="" />
  <Process Run="True" Delay="1200" Path="C:\Muserver1-0\JoinServer\joinserver.exe" Parameters="/p55970 /ca127.0.0.1 /cp55557" />
  <Process Run="True" Delay="1000" Path="C:\Muserver1-0\ConnectServer\Connect Server.exe" Parameters="" />
</Processes>